{
  "mean": -21.656192779541016,
  "std": 23.895462036132812
}